data,seguidores,publicacoes,reach,profile_views,website_clicks,accounts_engaged,total_interactions,capturado_em
2026-09-12,,,1440,,,,,2026-09-20T21:12:29+00:00
2026-09-13,,,1036,,,,,2026-09-21T16:20:33+00:00
2026-09-14,,,1107,,,,,2026-09-22T14:31:57+00:00
2026-09-15,,,943,,,,,2026-09-23T14:48:47+00:00
2026-09-16,,,878,,,,,2026-09-24T14:46:09+00:00
2026-09-17,,,963,,,,,2026-09-25T15:04:51+00:00
2026-09-18,34326,4265,1438,,,,,2026-09-26T14:15:40+00:00
2026-09-19,34336,4265,1648,,,,,2026-09-27T15:02:26+00:00
2026-09-20,34342,4265,971,,,,,2026-09-28T18:01:26+00:00
2026-09-21,34347,4265,945,,,,,2026-09-29T16:24:45+00:00
2026-09-22,34352,4265,926,,,,,2026-09-30T16:19:57+00:00
2026-09-23,34358,4265,881,,,,,2026-10-01T16:56:56+00:00
2026-09-24,34377,4265,753,,,,,2026-10-02T16:10:07+00:00
2026-09-25,34387,4265,864,,,,,2026-10-03T14:36:43+00:00
2026-09-26,34383,4265,940,,,,,2026-10-04T15:12:04+00:00
2026-09-27,34390,4265,794,,,,,2026-10-05T19:09:21+00:00
2026-09-28,34383,4265,1202,,,,,2026-10-06T16:36:20+00:00
2026-09-29,34418,4266,1503,,,,,2026-10-07T17:21:07+00:00
2026-09-30,34448,4266,1418,,,,,2026-10-08T17:17:46+00:00
2026-10-01,34461,4266,1343,,,,,2026-10-09T16:53:35+00:00
2026-10-02,34485,4266,1189,,,,,2026-10-10T15:47:38+00:00
2026-10-03,34496,4267,3159,,,,,2026-10-10T15:47:38+00:00
2026-10-04,34495,4267,1744,,,,,2026-10-10T15:47:38+00:00
2026-10-05,34505,4267,1362,,,,,2026-10-10T15:47:38+00:00
2026-10-06,34525,4267,1619,,,,,2026-10-10T15:47:38+00:00
2026-10-07,34547,4267,2464,,,,,2026-10-10T15:47:38+00:00
2026-10-08,34567,4266,2734,,,,,2026-10-10T15:47:38+00:00
