media_id,publicado_utc,data_local,hora_local,posicao_dia,media_type,views,reach,replies,shares,total_interactions,profile_visits,follows,navigation,permalink,capturado_em
18121656841920786,2026-09-19T00:53:10+00:00,2026-09-18,21:53,1,VIDEO,161,134,0,0,2,0,0,151,https://www.instagram.com/stories/line_store/3989279467750885347,2026-09-20T00:46:48+00:00
18143297428573474,2026-09-19T01:18:11+00:00,2026-09-18,22:18,2,VIDEO,148,117,0,0,3,3,0,139,https://www.instagram.com/stories/line_store/3989292075392537616,2026-09-20T00:46:47+00:00
17971817322069714,2026-09-19T20:33:20+00:00,2026-09-19,17:33,1,IMAGE,194,164,0,0,5,1,0,182,https://www.instagram.com/stories/line_store/3989872904094944590,2026-09-20T18:04:17+00:00
18123811351859916,2026-09-19T21:09:19+00:00,2026-09-19,18:09,2,IMAGE,171,144,0,0,3,0,0,162,https://www.instagram.com/stories/line_store/3989891020964282686,2026-09-20T18:04:15+00:00
18111631310156210,2026-09-20T07:48:43+00:00,2026-09-20,04:48,1,IMAGE,249,205,0,0,3,1,0,229,https://www.instagram.com/stories/line_store/3990212832847005366,2026-09-21T04:13:19+00:00
18099435830369099,2026-09-20T22:59:22+00:00,2026-09-20,19:59,2,IMAGE,164,132,0,0,3,0,0,149,https://www.instagram.com/stories/line_store/3990671692623889594,2026-09-21T20:51:17+00:00
17966976732178942,2026-09-20T23:28:18+00:00,2026-09-20,20:28,3,VIDEO,146,119,0,0,4,0,0,132,https://www.instagram.com/stories/line_store/3990686321097956258,2026-09-21T20:51:16+00:00
18196639045386522,2026-09-21T00:11:36+00:00,2026-09-20,21:11,4,VIDEO,146,121,0,0,1,0,0,139,https://www.instagram.com/stories/line_store/3990708088730407156,2026-09-21T23:54:03+00:00
17996385270038927,2026-09-21T17:11:11+00:00,2026-09-21,14:11,1,IMAGE,153,130,0,1,4,1,0,139,https://www.instagram.com/stories/line_store/3991220710869375866,2026-09-22T15:38:50+00:00
17886693585479706,2026-09-21T20:06:45+00:00,2026-09-21,17:06,2,IMAGE,155,129,0,0,4,2,0,139,https://www.instagram.com/stories/line_store/3991309576218250419,2026-09-22T19:05:41+00:00
17963411009982165,2026-09-22T15:38:39+00:00,2026-09-22,12:38,1,IMAGE,192,143,0,0,4,2,0,156,https://www.instagram.com/stories/line_store/3991899417095320271,2026-09-23T15:25:32+00:00
17995348083011585,2026-09-22T19:05:25+00:00,2026-09-22,16:05,2,IMAGE,166,122,0,0,2,2,0,152,https://www.instagram.com/stories/line_store/3992003480705521334,2026-09-23T18:10:15+00:00
18624639118046964,2026-09-23T18:10:03+00:00,2026-09-23,15:10,1,IMAGE,,,,,,,,,https://www.instagram.com/stories/line_store/3992700398331267749,2026-09-23T18:10:13+00:00
17875390182633287,2026-09-23T19:12:35+00:00,2026-09-23,16:12,2,VIDEO,140,113,0,0,4,2,0,129,https://www.instagram.com/stories/line_store/3992731628908344986,2026-09-24T18:18:35+00:00
18112325561126921,2026-09-23T22:53:35+00:00,2026-09-23,19:53,3,IMAGE,117,91,0,0,3,2,0,105,https://www.instagram.com/stories/line_store/3992842591117015668,2026-09-24T22:04:39+00:00
18381263224231812,2026-09-24T15:54:56+00:00,2026-09-24,12:54,1,IMAGE,106,89,0,0,3,2,0,96,https://www.instagram.com/stories/line_store/3993356659460713648,2026-09-25T15:55:07+00:00
18025478795858180,2026-09-24T19:30:01+00:00,2026-09-24,16:30,2,IMAGE,104,85,0,0,3,2,0,94,https://www.instagram.com/stories/line_store/3993464915403272172,2026-09-25T18:18:17+00:00
18165449653478657,2026-09-25T13:43:01+00:00,2026-09-25,10:43,1,VIDEO,105,84,0,0,3,1,0,97,https://www.instagram.com/stories/line_store/3994015590851389698,2026-09-26T12:45:22+00:00
18114459668088399,2026-09-25T15:54:43+00:00,2026-09-25,12:54,2,IMAGE,94,78,0,0,2,2,0,85,https://www.instagram.com/stories/line_store/3994081824078943144,2026-09-26T15:06:39+00:00
18113936522042551,2026-09-25T19:31:10+00:00,2026-09-25,16:31,3,IMAGE,95,81,0,0,2,1,0,90,https://www.instagram.com/stories/line_store/3994190270485259242,2026-09-26T18:43:19+00:00
18034655042850085,2026-09-26T01:11:26+00:00,2026-09-25,22:11,4,VIDEO,109,85,0,0,2,0,0,98,https://www.instagram.com/stories/line_store/3994362091766876220,2026-09-27T01:09:40+00:00
18103265048120213,2026-09-26T01:14:47+00:00,2026-09-25,22:14,5,VIDEO,102,79,0,0,2,0,0,89,https://www.instagram.com/stories/line_store/3994363784168538445,2026-09-27T01:09:39+00:00
18250804987309052,2026-09-26T15:06:25+00:00,2026-09-26,12:06,1,VIDEO,122,103,0,0,2,1,0,115,https://www.instagram.com/stories/line_store/3994781834473927724,2026-09-27T13:37:26+00:00
18079524161383043,2026-09-26T18:43:02+00:00,2026-09-26,15:43,2,VIDEO,138,113,0,0,1,2,0,121,https://www.instagram.com/stories/line_store/3994890860197628558,2026-09-27T18:06:08+00:00
18095325455388002,2026-09-26T23:54:05+00:00,2026-09-26,20:54,3,IMAGE,152,124,0,0,4,0,1,137,https://www.instagram.com/stories/line_store/3995047930988131419,2026-09-27T21:53:27+00:00
18093358184447397,2026-09-27T00:48:51+00:00,2026-09-26,21:48,4,IMAGE,152,120,0,0,4,1,0,143,https://www.instagram.com/stories/line_store/3995075494284637184,2026-09-28T00:22:24+00:00
18145630378492959,2026-09-27T15:46:59+00:00,2026-09-27,12:46,1,IMAGE,146,116,0,0,4,2,0,131,https://www.instagram.com/stories/line_store/3995527480266919166,2026-09-28T15:03:58+00:00
17878331700555032,2026-09-27T19:14:19+00:00,2026-09-27,16:14,2,IMAGE,119,98,0,0,4,1,0,111,https://www.instagram.com/stories/line_store/3995631844078749299,2026-09-28T18:43:51+00:00
18112724894154032,2026-09-27T21:39:34+00:00,2026-09-27,18:39,3,VIDEO,109,92,0,0,3,0,0,96,https://www.instagram.com/stories/line_store/3995705009819962652,2026-09-28T21:39:16+00:00
18283506103295018,2026-09-27T21:45:45+00:00,2026-09-27,18:45,4,VIDEO,107,89,0,0,3,1,0,100,https://www.instagram.com/stories/line_store/3995708114284397359,2026-09-28T21:39:15+00:00
18097460831430983,2026-09-28T18:43:40+00:00,2026-09-28,15:43,1,IMAGE,146,112,0,0,2,2,0,129,https://www.instagram.com/stories/line_store/3996340692964558927,2026-09-29T17:00:08+00:00
18136731526712621,2026-09-29T14:10:28+00:00,2026-09-29,11:10,1,VIDEO,150,109,0,0,3,1,0,135,https://www.instagram.com/stories/line_store/3996928527698085003,2026-09-30T13:24:02+00:00
18119547028819782,2026-09-29T16:59:55+00:00,2026-09-29,13:59,2,VIDEO,,,,,,,,,https://www.instagram.com/stories/line_store/3997013285144481113,2026-09-29T17:00:06+00:00
18093773153535122,2026-09-29T20:12:16+00:00,2026-09-29,17:12,3,IMAGE,52,42,0,0,3,0,0,48,https://www.instagram.com/stories/line_store/3997110544687996337,2026-09-30T00:06:49+00:00
17972573670174877,2026-09-30T00:05:26+00:00,2026-09-29,21:05,4,IMAGE,120,88,0,0,3,1,0,106,https://www.instagram.com/stories/line_store/3997227420545756208,2026-09-30T22:50:38+00:00
18188949391407009,2026-09-30T15:31:34+00:00,2026-09-30,12:31,1,VIDEO,99,76,0,0,3,0,0,92,https://www.instagram.com/stories/line_store/3997694133561009247,2026-10-01T08:29:43+00:00
18139890397719568,2026-09-30T16:58:40+00:00,2026-09-30,13:58,2,IMAGE,104,81,0,1,3,0,0,96,https://www.instagram.com/stories/line_store/3997737879959291475,2026-10-01T16:06:10+00:00
17990375385106966,2026-09-30T17:47:11+00:00,2026-09-30,14:47,3,VIDEO,106,81,0,0,4,0,0,96,https://www.instagram.com/stories/line_store/3997762387570163074,2026-10-01T17:29:38+00:00
18133950787638533,2026-09-30T20:16:31+00:00,2026-09-30,17:16,4,IMAGE,84,69,0,0,2,0,0,79,https://www.instagram.com/stories/line_store/3997837490417808902,2026-10-01T17:29:37+00:00
17900063412669399,2026-10-01T17:29:31+00:00,2026-10-01,14:29,1,IMAGE,127,107,0,0,4,1,0,114,https://www.instagram.com/stories/line_store/3998477706648332888,2026-10-02T16:48:15+00:00
17948192211313502,2026-10-01T20:29:20+00:00,2026-10-01,17:29,2,IMAGE,130,106,0,0,4,2,0,118,https://www.instagram.com/stories/line_store/3998568201223039536,2026-10-02T20:26:52+00:00
18131508700757355,2026-10-01T21:22:21+00:00,2026-10-01,18:22,3,IMAGE,125,98,0,0,5,1,0,114,https://www.instagram.com/stories/line_store/3998595437256046301,2026-10-02T20:26:51+00:00
18633195559036959,2026-10-02T16:48:06+00:00,2026-10-02,13:48,1,IMAGE,101,79,0,0,4,0,0,89,https://www.instagram.com/stories/line_store/3999182134677860287,2026-10-03T00:13:43+00:00
18105232217580190,2026-10-02T20:07:55+00:00,2026-10-02,17:07,2,IMAGE,59,42,0,0,2,1,0,45,https://www.instagram.com/stories/line_store/3999282199136086181,2026-10-03T00:13:43+00:00
