media_id,data_local,hora_local,posicao_dia,idade_horas,capturado_em,views,reach,profile_visits,navigation
18121656841920786,2026-09-18,21:53,1,19,2026-09-19T19:52:45+00:00,130,106,0,120
18121656841920786,2026-09-18,21:53,1,21,2026-09-19T22:12:45+00:00,146,119,0,134
18121656841920786,2026-09-18,21:53,1,24,2026-09-20T00:46:48+00:00,161,134,0,151
18143297428573474,2026-09-18,22:18,2,19,2026-09-19T19:52:43+00:00,114,90,3,106
18143297428573474,2026-09-18,22:18,2,21,2026-09-19T22:12:44+00:00,133,102,3,123
18143297428573474,2026-09-18,22:18,2,23,2026-09-20T00:46:47+00:00,148,117,3,139
17971817322069714,2026-09-19,17:33,1,2,2026-09-19T22:12:43+00:00,48,29,0,34
17971817322069714,2026-09-19,17:33,1,4,2026-09-20T00:46:46+00:00,76,64,0,71
17971817322069714,2026-09-19,17:33,1,9,2026-09-20T05:50:19+00:00,127,105,1,120
17971817322069714,2026-09-19,17:33,1,14,2026-09-20T10:52:14+00:00,138,115,1,132
17971817322069714,2026-09-19,17:33,1,18,2026-09-20T14:35:05+00:00,170,143,1,161
17971817322069714,2026-09-19,17:33,1,22,2026-09-20T18:04:17+00:00,194,164,1,182
18123811351859916,2026-09-19,18:09,2,1,2026-09-19T22:12:42+00:00,34,21,0,24
18123811351859916,2026-09-19,18:09,2,4,2026-09-20T00:46:44+00:00,66,54,0,61
18123811351859916,2026-09-19,18:09,2,9,2026-09-20T05:50:18+00:00,112,90,0,105
18123811351859916,2026-09-19,18:09,2,14,2026-09-20T10:52:13+00:00,121,100,0,115
18123811351859916,2026-09-19,18:09,2,17,2026-09-20T14:35:03+00:00,147,124,0,141
18123811351859916,2026-09-19,18:09,2,21,2026-09-20T18:04:15+00:00,171,144,0,162
18111631310156210,2026-09-20,04:48,1,3,2026-09-20T10:52:12+00:00,14,10,0,10
18111631310156210,2026-09-20,04:48,1,7,2026-09-20T14:35:02+00:00,70,59,0,61
18111631310156210,2026-09-20,04:48,1,10,2026-09-20T18:04:14+00:00,111,94,0,101
18111631310156210,2026-09-20,04:48,1,13,2026-09-20T21:14:43+00:00,144,117,0,131
18111631310156210,2026-09-20,04:48,1,15,2026-09-20T22:59:29+00:00,197,157,0,175
18111631310156210,2026-09-20,04:48,1,16,2026-09-20T23:56:43+00:00,221,171,0,199
18111631310156210,2026-09-20,04:48,1,20,2026-09-21T04:13:19+00:00,249,205,1,229
18099435830369099,2026-09-20,19:59,2,0,2026-09-20T22:59:29+00:00,,,,
18099435830369099,2026-09-20,19:59,2,1,2026-09-20T23:56:42+00:00,54,40,0,44
18099435830369099,2026-09-20,19:59,2,5,2026-09-21T04:13:18+00:00,96,83,0,87
18099435830369099,2026-09-20,19:59,2,11,2026-09-21T10:27:28+00:00,108,89,0,98
18099435830369099,2026-09-20,19:59,2,18,2026-09-21T17:11:24+00:00,141,117,0,128
18099435830369099,2026-09-20,19:59,2,21,2026-09-21T20:06:57+00:00,157,128,0,140
18099435830369099,2026-09-20,19:59,2,22,2026-09-21T20:51:17+00:00,164,132,0,149
17966976732178942,2026-09-20,20:28,3,0,2026-09-20T23:56:41+00:00,30,6,0,8
17966976732178942,2026-09-20,20:28,3,5,2026-09-21T04:13:17+00:00,83,70,0,74
17966976732178942,2026-09-20,20:28,3,11,2026-09-21T10:27:26+00:00,95,76,0,85
17966976732178942,2026-09-20,20:28,3,17,2026-09-21T16:50:17+00:00,124,101,0,111
17966976732178942,2026-09-20,20:28,3,18,2026-09-21T17:11:21+00:00,125,102,0,112
17966976732178942,2026-09-20,20:28,3,21,2026-09-21T20:51:16+00:00,146,119,0,132
18196639045386522,2026-09-20,21:11,4,4,2026-09-21T04:13:16+00:00,58,48,0,54
18196639045386522,2026-09-20,21:11,4,10,2026-09-21T10:27:25+00:00,69,55,0,65
18196639045386522,2026-09-20,21:11,4,17,2026-09-21T17:11:20+00:00,103,85,0,98
18196639045386522,2026-09-20,21:11,4,20,2026-09-21T20:06:55+00:00,119,96,0,111
18196639045386522,2026-09-20,21:11,4,21,2026-09-21T20:51:14+00:00,124,99,0,117
18196639045386522,2026-09-20,21:11,4,24,2026-09-21T23:54:03+00:00,146,121,0,139
17996385270038927,2026-09-21,14:11,1,0,2026-09-21T17:11:18+00:00,,,,
17996385270038927,2026-09-21,14:11,1,3,2026-09-21T20:06:52+00:00,46,37,0,38
17996385270038927,2026-09-21,14:11,1,4,2026-09-21T20:51:13+00:00,54,47,0,49
17996385270038927,2026-09-21,14:11,1,7,2026-09-21T23:54:01+00:00,91,77,0,83
17996385270038927,2026-09-21,14:11,1,11,2026-09-22T03:52:53+00:00,119,106,0,110
17996385270038927,2026-09-21,14:11,1,16,2026-09-22T09:09:18+00:00,124,110,0,115
17996385270038927,2026-09-21,14:11,1,21,2026-09-22T14:27:01+00:00,141,123,1,131
17996385270038927,2026-09-21,14:11,1,22,2026-09-22T15:38:50+00:00,153,130,1,139
17886693585479706,2026-09-21,17:06,2,0,2026-09-21T20:06:51+00:00,,,,
17886693585479706,2026-09-21,17:06,2,1,2026-09-21T20:51:11+00:00,26,16,0,16
17886693585479706,2026-09-21,17:06,2,4,2026-09-21T23:54:00+00:00,75,63,0,66
17886693585479706,2026-09-21,17:06,2,8,2026-09-22T03:52:50+00:00,109,91,2,95
17886693585479706,2026-09-21,17:06,2,13,2026-09-22T09:09:16+00:00,113,94,2,99
17886693585479706,2026-09-21,17:06,2,18,2026-09-22T14:27:00+00:00,129,107,2,113
17886693585479706,2026-09-21,17:06,2,20,2026-09-22T15:38:49+00:00,135,115,2,121
17886693585479706,2026-09-21,17:06,2,22,2026-09-22T18:35:07+00:00,154,128,2,138
17886693585479706,2026-09-21,17:06,2,23,2026-09-22T19:05:41+00:00,155,129,2,139
17963411009982165,2026-09-22,12:38,1,0,2026-09-22T15:38:47+00:00,,,,
17963411009982165,2026-09-22,12:38,1,3,2026-09-22T19:05:37+00:00,70,49,0,58
17963411009982165,2026-09-22,12:38,1,6,2026-09-22T21:51:10+00:00,104,75,1,88
17963411009982165,2026-09-22,12:38,1,8,2026-09-23T00:06:26+00:00,128,93,1,103
17963411009982165,2026-09-22,12:38,1,14,2026-09-23T05:36:43+00:00,159,118,2,129
17963411009982165,2026-09-22,12:38,1,19,2026-09-23T10:59:52+00:00,168,127,2,138
17963411009982165,2026-09-22,12:38,1,24,2026-09-23T15:25:32+00:00,192,143,2,156
17995348083011585,2026-09-22,16:05,2,0,2026-09-22T19:05:35+00:00,,,,
17995348083011585,2026-09-22,16:05,2,3,2026-09-22T21:51:09+00:00,55,39,0,51
17995348083011585,2026-09-22,16:05,2,5,2026-09-23T00:06:25+00:00,88,61,1,79
17995348083011585,2026-09-22,16:05,2,11,2026-09-23T05:36:42+00:00,122,86,1,109
17995348083011585,2026-09-22,16:05,2,16,2026-09-23T10:59:51+00:00,132,96,2,120
17995348083011585,2026-09-22,16:05,2,20,2026-09-23T15:25:30+00:00,152,111,2,137
17995348083011585,2026-09-22,16:05,2,23,2026-09-23T18:10:15+00:00,166,122,2,152
18624639118046964,2026-09-23,15:10,1,0,2026-09-23T18:10:13+00:00,,,,
17875390182633287,2026-09-23,16:12,2,0,2026-09-23T19:32:31+00:00,,,,
17875390182633287,2026-09-23,16:12,2,4,2026-09-23T22:53:48+00:00,66,52,0,55
17875390182633287,2026-09-23,16:12,2,6,2026-09-24T01:12:21+00:00,90,72,0,80
17875390182633287,2026-09-23,16:12,2,12,2026-09-24T07:22:26+00:00,112,94,2,105
17875390182633287,2026-09-23,16:12,2,18,2026-09-24T13:21:32+00:00,123,104,2,115
17875390182633287,2026-09-23,16:12,2,21,2026-09-24T15:55:06+00:00,130,109,2,120
17875390182633287,2026-09-23,16:12,2,23,2026-09-24T18:18:35+00:00,140,113,2,129
18112325561126921,2026-09-23,19:53,3,0,2026-09-23T22:53:46+00:00,,,,
18112325561126921,2026-09-23,19:53,3,2,2026-09-24T01:12:20+00:00,38,30,0,32
18112325561126921,2026-09-23,19:53,3,8,2026-09-24T07:22:24+00:00,58,49,0,53
18112325561126921,2026-09-23,19:53,3,14,2026-09-24T13:21:31+00:00,75,63,0,68
18112325561126921,2026-09-23,19:53,3,17,2026-09-24T15:55:04+00:00,86,71,2,77
18112325561126921,2026-09-23,19:53,3,19,2026-09-24T18:18:34+00:00,99,77,2,89
18112325561126921,2026-09-23,19:53,3,21,2026-09-24T19:30:11+00:00,105,81,2,92
18112325561126921,2026-09-23,19:53,3,23,2026-09-24T22:04:39+00:00,117,91,2,105
18381263224231812,2026-09-24,12:54,1,0,2026-09-24T15:55:02+00:00,,,,
18381263224231812,2026-09-24,12:54,1,2,2026-09-24T18:18:33+00:00,30,24,2,26
18381263224231812,2026-09-24,12:54,1,4,2026-09-24T19:30:10+00:00,40,30,2,31
18381263224231812,2026-09-24,12:54,1,6,2026-09-24T22:04:38+00:00,60,43,2,49
18381263224231812,2026-09-24,12:54,1,9,2026-09-25T01:13:12+00:00,86,71,2,77
18381263224231812,2026-09-24,12:54,1,15,2026-09-25T07:17:10+00:00,99,83,2,90
18381263224231812,2026-09-24,12:54,1,21,2026-09-25T13:21:44+00:00,106,89,2,96
18381263224231812,2026-09-24,12:54,1,24,2026-09-25T15:55:07+00:00,,,,
18025478795858180,2026-09-24,16:30,2,0,2026-09-24T19:30:09+00:00,,,,
18025478795858180,2026-09-24,16:30,2,3,2026-09-24T22:04:37+00:00,35,27,0,32
18025478795858180,2026-09-24,16:30,2,6,2026-09-25T01:13:10+00:00,66,55,1,61
18025478795858180,2026-09-24,16:30,2,12,2026-09-25T07:17:08+00:00,74,63,1,67
18025478795858180,2026-09-24,16:30,2,18,2026-09-25T13:21:43+00:00,82,70,1,75
18025478795858180,2026-09-24,16:30,2,20,2026-09-25T15:55:01+00:00,89,75,1,81
18025478795858180,2026-09-24,16:30,2,23,2026-09-25T18:18:17+00:00,104,85,2,94
18165449653478657,2026-09-25,10:43,1,2,2026-09-25T15:54:58+00:00,19,17,0,19
18165449653478657,2026-09-25,10:43,1,5,2026-09-25T18:18:15+00:00,50,37,1,45
18165449653478657,2026-09-25,10:43,1,6,2026-09-25T19:31:19+00:00,52,41,1,49
18165449653478657,2026-09-25,10:43,1,8,2026-09-25T22:03:17+00:00,73,56,1,66
18165449653478657,2026-09-25,10:43,1,12,2026-09-26T01:16:09+00:00,77,60,1,70
18165449653478657,2026-09-25,10:43,1,17,2026-09-26T07:12:34+00:00,98,79,1,90
18165449653478657,2026-09-25,10:43,1,23,2026-09-26T12:45:22+00:00,105,84,1,97
18114459668088399,2026-09-25,12:54,2,0,2026-09-25T15:54:55+00:00,,,,
18114459668088399,2026-09-25,12:54,2,2,2026-09-25T18:18:14+00:00,38,28,1,32
18114459668088399,2026-09-25,12:54,2,4,2026-09-25T19:31:18+00:00,44,35,1,39
18114459668088399,2026-09-25,12:54,2,6,2026-09-25T22:03:16+00:00,60,49,1,53
18114459668088399,2026-09-25,12:54,2,9,2026-09-26T01:16:08+00:00,65,53,1,57
18114459668088399,2026-09-25,12:54,2,15,2026-09-26T07:12:33+00:00,83,69,2,75
18114459668088399,2026-09-25,12:54,2,21,2026-09-26T12:45:21+00:00,90,75,2,82
18114459668088399,2026-09-25,12:54,2,23,2026-09-26T15:06:39+00:00,94,78,2,85
18113936522042551,2026-09-25,16:31,3,0,2026-09-25T19:31:17+00:00,,,,
18113936522042551,2026-09-25,16:31,3,3,2026-09-25T22:03:14+00:00,40,31,1,34
18113936522042551,2026-09-25,16:31,3,6,2026-09-26T01:16:07+00:00,50,44,1,46
18113936522042551,2026-09-25,16:31,3,12,2026-09-26T07:12:32+00:00,71,63,1,68
18113936522042551,2026-09-25,16:31,3,17,2026-09-26T12:45:19+00:00,80,68,1,75
18113936522042551,2026-09-25,16:31,3,20,2026-09-26T15:06:38+00:00,84,73,1,81
18113936522042551,2026-09-25,16:31,3,21,2026-09-26T16:55:05+00:00,89,76,1,85
18113936522042551,2026-09-25,16:31,3,23,2026-09-26T18:43:19+00:00,95,81,1,90
18034655042850085,2026-09-25,22:11,4,0,2026-09-26T01:16:06+00:00,,,,
18034655042850085,2026-09-25,22:11,4,6,2026-09-26T07:12:31+00:00,40,34,0,36
18034655042850085,2026-09-25,22:11,4,12,2026-09-26T12:45:18+00:00,55,43,0,47
18034655042850085,2026-09-25,22:11,4,14,2026-09-26T15:06:37+00:00,66,54,0,61
18034655042850085,2026-09-25,22:11,4,16,2026-09-26T16:55:05+00:00,71,57,0,66
18034655042850085,2026-09-25,22:11,4,18,2026-09-26T19:35:19+00:00,85,69,0,78
18034655042850085,2026-09-25,22:11,4,21,2026-09-26T22:28:33+00:00,98,80,0,91
18034655042850085,2026-09-25,22:11,4,24,2026-09-27T01:09:40+00:00,109,85,0,98
18103265048120213,2026-09-25,22:14,5,0,2026-09-26T01:16:04+00:00,,,,
18103265048120213,2026-09-25,22:14,5,6,2026-09-26T07:12:31+00:00,34,29,0,32
18103265048120213,2026-09-25,22:14,5,12,2026-09-26T12:45:18+00:00,49,39,0,43
18103265048120213,2026-09-25,22:14,5,14,2026-09-26T15:06:35+00:00,61,49,0,55
18103265048120213,2026-09-25,22:14,5,16,2026-09-26T16:55:04+00:00,68,53,0,61
18103265048120213,2026-09-25,22:14,5,17,2026-09-26T18:43:17+00:00,78,61,0,69
18103265048120213,2026-09-25,22:14,5,18,2026-09-26T19:35:18+00:00,82,65,0,73
18103265048120213,2026-09-25,22:14,5,21,2026-09-26T22:28:30+00:00,93,74,0,83
18103265048120213,2026-09-25,22:14,5,24,2026-09-27T01:09:39+00:00,102,79,0,89
18250804987309052,2026-09-26,12:06,1,0,2026-09-26T15:06:34+00:00,,,,
18250804987309052,2026-09-26,12:06,1,2,2026-09-26T16:55:03+00:00,30,22,1,27
18250804987309052,2026-09-26,12:06,1,4,2026-09-26T19:35:16+00:00,53,42,1,48
18250804987309052,2026-09-26,12:06,1,7,2026-09-26T22:28:29+00:00,70,56,1,64
18250804987309052,2026-09-26,12:06,1,10,2026-09-27T01:09:37+00:00,80,63,1,73
18250804987309052,2026-09-26,12:06,1,17,2026-09-27T07:44:50+00:00,107,89,1,101
18250804987309052,2026-09-26,12:06,1,23,2026-09-27T13:37:26+00:00,122,103,1,115
18079524161383043,2026-09-26,15:43,2,0,2026-09-26T18:43:14+00:00,,,,
18079524161383043,2026-09-26,15:43,2,1,2026-09-26T19:35:14+00:00,11,6,0,6
18079524161383043,2026-09-26,15:43,2,4,2026-09-26T22:28:29+00:00,43,36,2,38
18079524161383043,2026-09-26,15:43,2,6,2026-09-27T01:09:36+00:00,64,53,2,56
18079524161383043,2026-09-26,15:43,2,13,2026-09-27T07:44:49+00:00,92,79,2,85
18079524161383043,2026-09-26,15:43,2,19,2026-09-27T13:37:25+00:00,106,93,2,98
18079524161383043,2026-09-26,15:43,2,21,2026-09-27T15:47:11+00:00,110,96,2,101
18079524161383043,2026-09-26,15:43,2,23,2026-09-27T18:06:08+00:00,138,113,2,121
18095325455388002,2026-09-26,20:54,3,1,2026-09-27T01:09:35+00:00,34,20,0,22
18095325455388002,2026-09-26,20:54,3,8,2026-09-27T07:44:49+00:00,81,64,0,73
18095325455388002,2026-09-26,20:54,3,14,2026-09-27T13:37:24+00:00,98,80,0,87
18095325455388002,2026-09-26,20:54,3,16,2026-09-27T15:47:10+00:00,103,84,0,91
18095325455388002,2026-09-26,20:54,3,18,2026-09-27T18:06:08+00:00,128,100,0,112
18095325455388002,2026-09-26,20:54,3,19,2026-09-27T19:14:33+00:00,133,109,0,121
18095325455388002,2026-09-26,20:54,3,22,2026-09-27T21:53:27+00:00,152,124,0,137
18093358184447397,2026-09-26,21:48,4,0,2026-09-27T01:09:32+00:00,,,,
18093358184447397,2026-09-26,21:48,4,7,2026-09-27T07:44:48+00:00,69,54,1,64
18093358184447397,2026-09-26,21:48,4,13,2026-09-27T13:37:23+00:00,91,72,1,82
18093358184447397,2026-09-26,21:48,4,15,2026-09-27T15:47:07+00:00,98,76,1,88
18093358184447397,2026-09-26,21:48,4,17,2026-09-27T18:06:07+00:00,121,92,1,110
18093358184447397,2026-09-26,21:48,4,18,2026-09-27T19:14:30+00:00,127,100,1,118
18093358184447397,2026-09-26,21:48,4,21,2026-09-27T21:53:26+00:00,142,110,1,133
18093358184447397,2026-09-26,21:48,4,24,2026-09-28T00:22:24+00:00,152,120,1,143
18145630378492959,2026-09-27,12:46,1,0,2026-09-27T15:47:06+00:00,,,,
18145630378492959,2026-09-27,12:46,1,2,2026-09-27T18:06:06+00:00,48,34,1,38
18145630378492959,2026-09-27,12:46,1,3,2026-09-27T19:14:27+00:00,57,46,1,49
18145630378492959,2026-09-27,12:46,1,6,2026-09-27T21:53:25+00:00,78,64,1,71
18145630378492959,2026-09-27,12:46,1,9,2026-09-28T00:22:23+00:00,100,80,1,86
18145630378492959,2026-09-27,12:46,1,15,2026-09-28T06:25:17+00:00,136,105,2,120
18145630378492959,2026-09-27,12:46,1,23,2026-09-28T15:03:58+00:00,146,116,2,131
17878331700555032,2026-09-27,16:14,2,0,2026-09-27T19:14:25+00:00,,,,
17878331700555032,2026-09-27,16:14,2,3,2026-09-27T21:53:24+00:00,42,34,0,40
17878331700555032,2026-09-27,16:14,2,5,2026-09-28T00:22:21+00:00,67,57,0,62
17878331700555032,2026-09-27,16:14,2,11,2026-09-28T06:25:16+00:00,98,80,0,93
17878331700555032,2026-09-27,16:14,2,20,2026-09-28T15:03:57+00:00,113,93,0,105
17878331700555032,2026-09-27,16:14,2,23,2026-09-28T18:43:51+00:00,119,98,1,111
18112724894154032,2026-09-27,18:39,3,0,2026-09-27T21:53:23+00:00,,,,
18112724894154032,2026-09-27,18:39,3,3,2026-09-28T00:22:16+00:00,42,37,0,36
18112724894154032,2026-09-27,18:39,3,9,2026-09-28T06:25:15+00:00,79,66,0,69
18112724894154032,2026-09-27,18:39,3,17,2026-09-28T15:03:55+00:00,93,79,0,82
18112724894154032,2026-09-27,18:39,3,21,2026-09-28T18:43:50+00:00,102,88,0,91
18112724894154032,2026-09-27,18:39,3,24,2026-09-28T21:39:16+00:00,109,92,0,96
18283506103295018,2026-09-27,18:45,4,0,2026-09-27T21:53:21+00:00,,,,
18283506103295018,2026-09-27,18:45,4,3,2026-09-28T00:22:15+00:00,46,31,1,35
18283506103295018,2026-09-27,18:45,4,9,2026-09-28T06:25:14+00:00,78,63,1,73
18283506103295018,2026-09-27,18:45,4,17,2026-09-28T15:03:55+00:00,91,75,1,86
18283506103295018,2026-09-27,18:45,4,21,2026-09-28T18:43:48+00:00,100,84,1,95
18283506103295018,2026-09-27,18:45,4,24,2026-09-28T21:39:15+00:00,107,89,1,100
18097460831430983,2026-09-28,15:43,1,0,2026-09-28T18:43:47+00:00,,,,
18097460831430983,2026-09-28,15:43,1,3,2026-09-28T21:39:14+00:00,41,30,0,33
18097460831430983,2026-09-28,15:43,1,7,2026-09-29T01:33:41+00:00,88,67,1,71
18097460831430983,2026-09-28,15:43,1,13,2026-09-29T08:01:32+00:00,107,84,2,92
18097460831430983,2026-09-28,15:43,1,21,2026-09-29T15:27:39+00:00,141,108,2,124
18097460831430983,2026-09-28,15:43,1,22,2026-09-29T17:00:08+00:00,146,112,2,129
18136731526712621,2026-09-29,11:10,1,1,2026-09-29T15:27:38+00:00,33,20,1,25
18136731526712621,2026-09-29,11:10,1,3,2026-09-29T17:00:06+00:00,48,37,1,41
18136731526712621,2026-09-29,11:10,1,6,2026-09-29T20:30:10+00:00,92,66,1,84
18136731526712621,2026-09-29,11:10,1,10,2026-09-30T00:06:50+00:00,126,87,1,112
18136731526712621,2026-09-29,11:10,1,16,2026-09-30T06:22:02+00:00,142,104,1,128
18136731526712621,2026-09-29,11:10,1,23,2026-09-30T13:24:02+00:00,150,109,1,135
18119547028819782,2026-09-29,13:59,2,0,2026-09-29T17:00:06+00:00,,,,
18093773153535122,2026-09-29,17:12,3,0,2026-09-29T20:30:09+00:00,,,,
18093773153535122,2026-09-29,17:12,3,4,2026-09-30T00:06:49+00:00,52,42,0,48
17972573670174877,2026-09-29,21:05,4,0,2026-09-30T00:06:48+00:00,,,,
17972573670174877,2026-09-29,21:05,4,6,2026-09-30T06:22:00+00:00,46,40,0,41
17972573670174877,2026-09-29,21:05,4,13,2026-09-30T13:23:59+00:00,64,51,1,57
17972573670174877,2026-09-29,21:05,4,17,2026-09-30T16:58:53+00:00,97,70,1,79
17972573670174877,2026-09-29,21:05,4,19,2026-09-30T18:52:46+00:00,111,78,1,93
17972573670174877,2026-09-29,21:05,4,20,2026-09-30T20:16:39+00:00,116,86,1,102
17972573670174877,2026-09-29,21:05,4,23,2026-09-30T22:50:38+00:00,120,88,1,106
18188949391407009,2026-09-30,12:31,1,1,2026-09-30T16:58:49+00:00,32,23,0,29
18188949391407009,2026-09-30,12:31,1,3,2026-09-30T18:52:45+00:00,49,34,0,46
18188949391407009,2026-09-30,12:31,1,5,2026-09-30T20:16:38+00:00,60,44,0,57
18188949391407009,2026-09-30,12:31,1,7,2026-09-30T22:50:37+00:00,72,50,0,65
18188949391407009,2026-09-30,12:31,1,10,2026-10-01T01:50:53+00:00,87,65,0,81
18188949391407009,2026-09-30,12:31,1,17,2026-10-01T08:29:43+00:00,99,76,0,92
18139890397719568,2026-09-30,13:58,2,0,2026-09-30T16:58:48+00:00,,,,
18139890397719568,2026-09-30,13:58,2,2,2026-09-30T18:52:44+00:00,26,22,0,23
18139890397719568,2026-09-30,13:58,2,3,2026-09-30T20:16:38+00:00,39,34,0,38
18139890397719568,2026-09-30,13:58,2,6,2026-09-30T22:50:37+00:00,57,43,0,53
18139890397719568,2026-09-30,13:58,2,9,2026-10-01T01:50:51+00:00,73,58,0,69
18139890397719568,2026-09-30,13:58,2,16,2026-10-01T08:29:42+00:00,86,70,0,82
18139890397719568,2026-09-30,13:58,2,23,2026-10-01T16:06:10+00:00,104,81,0,96
17990375385106966,2026-09-30,14:47,3,1,2026-09-30T18:52:42+00:00,17,14,0,13
17990375385106966,2026-09-30,14:47,3,2,2026-09-30T20:16:37+00:00,35,30,0,32
17990375385106966,2026-09-30,14:47,3,5,2026-09-30T22:50:36+00:00,55,39,0,48
17990375385106966,2026-09-30,14:47,3,8,2026-10-01T01:50:50+00:00,71,53,0,65
17990375385106966,2026-09-30,14:47,3,15,2026-10-01T08:29:42+00:00,85,64,0,77
17990375385106966,2026-09-30,14:47,3,22,2026-10-01T16:06:06+00:00,103,77,0,92
17990375385106966,2026-09-30,14:47,3,24,2026-10-01T17:29:38+00:00,106,81,0,96
18133950787638533,2026-09-30,17:16,4,0,2026-09-30T20:16:37+00:00,,,,
18133950787638533,2026-09-30,17:16,4,3,2026-09-30T22:50:35+00:00,28,20,0,25
18133950787638533,2026-09-30,17:16,4,6,2026-10-01T01:50:48+00:00,44,34,0,42
18133950787638533,2026-09-30,17:16,4,12,2026-10-01T08:29:41+00:00,59,48,0,57
18133950787638533,2026-09-30,17:16,4,20,2026-10-01T16:06:05+00:00,78,62,0,73
18133950787638533,2026-09-30,17:16,4,21,2026-10-01T17:29:37+00:00,84,69,0,79
17900063412669399,2026-10-01,14:29,1,0,2026-10-01T17:29:37+00:00,,,,
17900063412669399,2026-10-01,14:29,1,3,2026-10-01T20:29:28+00:00,35,30,0,33
17900063412669399,2026-10-01,14:29,1,4,2026-10-01T21:37:52+00:00,47,39,1,44
17900063412669399,2026-10-01,14:29,1,8,2026-10-02T01:22:33+00:00,85,72,1,80
17900063412669399,2026-10-01,14:29,1,15,2026-10-02T08:04:54+00:00,96,82,1,90
17900063412669399,2026-10-01,14:29,1,22,2026-10-02T15:29:38+00:00,120,100,1,108
17900063412669399,2026-10-01,14:29,1,23,2026-10-02T16:48:15+00:00,127,107,1,114
17948192211313502,2026-10-01,17:29,2,0,2026-10-01T20:29:27+00:00,,,,
17948192211313502,2026-10-01,17:29,2,1,2026-10-01T21:37:51+00:00,28,19,1,22
17948192211313502,2026-10-01,17:29,2,5,2026-10-02T01:22:32+00:00,70,53,1,62
17948192211313502,2026-10-01,17:29,2,12,2026-10-02T08:04:53+00:00,81,65,1,74
17948192211313502,2026-10-01,17:29,2,19,2026-10-02T15:29:37+00:00,109,86,1,97
17948192211313502,2026-10-01,17:29,2,20,2026-10-02T16:48:14+00:00,111,89,1,100
17948192211313502,2026-10-01,17:29,2,24,2026-10-02T20:26:52+00:00,130,106,2,118
18131508700757355,2026-10-01,18:22,3,0,2026-10-01T21:37:51+00:00,,,,
18131508700757355,2026-10-01,18:22,3,4,2026-10-02T01:22:31+00:00,59,48,1,53
18131508700757355,2026-10-01,18:22,3,11,2026-10-02T08:04:52+00:00,71,60,1,66
18131508700757355,2026-10-01,18:22,3,18,2026-10-02T15:29:37+00:00,101,81,1,91
18131508700757355,2026-10-01,18:22,3,19,2026-10-02T16:48:13+00:00,102,83,1,93
18131508700757355,2026-10-01,18:22,3,23,2026-10-02T20:26:51+00:00,125,98,1,114
18633195559036959,2026-10-02,13:48,1,0,2026-10-02T16:48:13+00:00,,,,
18633195559036959,2026-10-02,13:48,1,3,2026-10-02T20:08:02+00:00,54,37,0,43
18633195559036959,2026-10-02,13:48,1,4,2026-10-02T20:26:50+00:00,57,41,0,47
18633195559036959,2026-10-02,13:48,1,7,2026-10-03T00:13:43+00:00,101,79,0,89
18633195559036959,2026-10-02,13:48,1,13,2026-10-03T06:09:35+00:00,142,114,0,125
18633195559036959,2026-10-02,13:48,1,20,2026-10-03T12:18:33+00:00,152,121,0,133
18105232217580190,2026-10-02,17:07,2,0,2026-10-02T20:26:49+00:00,,,,
18105232217580190,2026-10-02,17:07,2,4,2026-10-03T00:13:43+00:00,59,42,1,45
18105232217580190,2026-10-02,17:07,2,10,2026-10-03T06:09:34+00:00,92,78,1,86
18105232217580190,2026-10-02,17:07,2,16,2026-10-03T12:18:32+00:00,101,84,1,93
18105232217580190,2026-10-02,17:07,2,21,2026-10-03T17:02:28+00:00,120,97,2,112
18342992152283814,2026-10-04,13:53,1,2,2026-10-04T19:17:45+00:00,92,71,1,76
18342992152283814,2026-10-04,13:53,1,6,2026-10-04T22:51:47+00:00,171,135,3,146
18342992152283814,2026-10-04,13:53,1,9,2026-10-05T01:42:37+00:00,235,195,5,208
18342992152283814,2026-10-04,13:53,1,16,2026-10-05T08:34:46+00:00,260,218,6,234
18180539524389666,2026-10-04,19:47,2,0,2026-10-04T22:51:46+00:00,,,,
18180539524389666,2026-10-04,19:47,2,3,2026-10-05T01:42:36+00:00,125,101,0,107
18180539524389666,2026-10-04,19:47,2,10,2026-10-05T08:34:46+00:00,163,133,1,147
